{
  "project_info": {
    "project_number": "443058473886",
    "firebase_url": "https://doctorapp-b1a44.firebaseio.com",
    "project_id": "doctorapp-b1a44",
    "storage_bucket": "doctorapp-b1a44.appspot.com"
  },
  "client": [
    {
      "client_info": {
        "mobilesdk_app_id": "1:443058473886:android:1c7259e199c325a681e48f",
        "android_client_info": {
          "package_name": "com.doctor.analysis"
        }
      },
      "oauth_client": [
        {
          "client_id": "443058473886-0pifqqpv4et7qbn9nhr4loe9lbuqo003.apps.googleusercontent.com",
          "client_type": 3
        }
      ],
      "api_key": [
        {
          "current_key": "AIzaSyDpz0zAEK6T3f4_TYC2hcBlvoEYaZMGKqU"
        }
      ],
      "services": {
        "appinvite_service": {
          "other_platform_oauth_client": [
            {
              "client_id": "443058473886-0pifqqpv4et7qbn9nhr4loe9lbuqo003.apps.googleusercontent.com",
              "client_type": 3
            }
          ]
        }
      }
    }
  ],
  "configuration_version": "1"
}